{
  "중국": {
    "국가": "중국",
    "제품": "라면",
    "제한사항": [
      "방부제 함량 제한: 0.1% 이하 (BHA, BHT, TBHQ 등)",
      "라벨에 중국어 표기 필수 (제품명, 성분, 원산지, 유통기한)",
      "식품안전인증 필요 (GB 2760-2014 기준)",
      "원산지 명시 필수 (중국어로 표기)",
      "알레르기 정보 표시 필수 (8대 알레르기 원료)",
      "영양성분표 필수 (100g당 열량, 단백질, 지방, 탄수화물, 나트륨)",
      "식품첨가물 기준 준수 (중국 식품첨가물 사용기준)",
      "미생물 기준: 총균수 10,000 CFU/g 이하, 대장균군 음성"
    ],
    "허용기준": [
      "방부제 0.1% 이하 (BHA, BHT, TBHQ, PG 등)",
      "원산지 명시 필수 (중국어로 표기)",
      "중국어 라벨 필수 (제품명, 성분, 원산지, 유통기한, 보관방법)",
      "식품안전인증서 소지 (GB 2760-2014 기준)",
      "알레르기 정보 표시 (8대 알레르기 원료 포함 여부)",
      "영양성분표 표시 (100g당 기준)",
      "식품첨가물 기준 준수 (중국 식품첨가물 사용기준)",
      "미생물 기준 준수 (총균수, 대장균군, 황색포도상구균 등)"
    ],
    "필요서류": [
      "식품안전인증서 (GB 2760-2014 기준)",
      "성분분석서 (방부제, 식품첨가물 함량)",
      "원산지증명서 (한국산임을 증명하는 서류)",
      "중국어 라벨 (제품명, 성분, 원산지, 유통기한, 보관방법)",
      "알레르기 정보서 (8대 알레르기 원료 포함 여부)",
      "영양성분분석서 (100g당 기준)",
      "미생물검사서 (총균수, 대장균군, 황색포도상구균)",
      "제조시설 등록증 (한국 제조시설 등록증)",
      "수출신고서 (중국 수입신고서)"
    ],
    "통관절차": [
      "1. 수출신고 (한국 관세청)",
      "2. 검역검사 (중국 검역소)",
      "3. 식품안전검사 (중국 식품의약품감독관리총국)",
      "4. 라벨 검사 (중국어 라벨 적합성)",
      "5. 통관승인 (중국 세관)",
      "6. 국내 유통 허가 (중국 식품의약품감독관리총국)"
    ],
    "주의사항": [
      "중국어 라벨 미표기 시 반송 가능 (라벨 번역 전문업체 이용 권장)",
      "방부제 함량 초과 시 폐기 처리 (0.1% 이하 준수 필수)",
      "알레르기 정보 미표기 시 반송 (8대 알레르기 원료 포함 여부)",
      "원산지 미표기 시 반송 (중국어로 '한국산' 표기 필수)",
      "식품안전인증서 미소지 시 반송 (GB 2760-2014 기준)",
      "미생물 기준 초과 시 폐기 (총균수, 대장균군 등)",
      "유통기한 표기 오류 시 반송 (YYYY-MM-DD 형식)",
      "보관방법 미표기 시 반송 (온도, 습도 등)"
    ],
    "추가정보": {
      "관련법규": "중국 식품안전법, 식품첨가물 사용기준 GB 2760-2014",
      "검사기관": "중국 식품의약품감독관리총국, 검역소",
      "처리기간": "통상 7-14일 (검사 결과에 따라 변동)",
      "수수료": "검사비 약 2,000-5,000위안 (제품별 차이)",
      "최종업데이트": "2025-07-28 03:42:44",
      "원본언어": "zh-CN",
      "번역출처": "중국 식품의약품감독관리총국 공식 웹사이트",
      "공식URL": "https://www.nmpa.gov.cn/",
      "GB7718_URL": "https://www.nmpa.gov.cn/xxgk/ggtg/qtggtg/20250327171201132.html",
      "GB28050_URL": "https://www.nmpa.gov.cn/xxgk/ggtg/qtggtg/20250327171201133.html",
      "데이터_상태": "실시간 크롤링 완료",
      "크롤링_시간": "2025-07-28T03:42:44.331304"
    }
  },
  "미국": {
    "국가": "미국",
    "제품": "라면",
    "제한사항": [
      "FDA 등록번호 필수 (Food Facility Registration)",
      "라벨에 영어 표기 필수 (제품명, 성분, 원산지, 유통기한)",
      "영양성분표 필수 (FDA 기준)",
      "알레르기 정보 표시 필수 (9대 알레르기 원료)",
      "성분표 필수 (내림차순)",
      "제조사 정보 표시 필수",
      "유통기한 표기 필수",
      "보관방법 표시 필수"
    ],
    "허용기준": [
      "FDA 등록번호 소지 (Food Facility Registration)",
      "영어 라벨 필수 (제품명, 성분, 원산지, 유통기한, 보관방법)",
      "영양성분표 표시 (FDA 기준)",
      "알레르기 정보 표시 (9대 알레르기 원료 포함 여부)",
      "성분표 표시 (내림차순)",
      "제조사 정보 표시",
      "유통기한 표기",
      "보관방법 표시"
    ],
    "필요서류": [
      "FDA 등록번호 (Food Facility Registration)",
      "영양성분분석서 (FDA 기준)",
      "성분분석서 (식품첨가물 함량)",
      "원산지증명서 (한국산임을 증명하는 서류)",
      "영어 라벨 (제품명, 성분, 원산지, 유통기한, 보관방법)",
      "알레르기 정보서 (9대 알레르기 원료 포함 여부)",
      "미생물검사서 (총균수, 대장균군, 황색포도상구균)",
      "제조시설 등록증 (한국 제조시설 등록증)",
      "수출신고서 (미국 수입신고서)"
    ],
    "통관절차": [
      "1. 수출신고 (한국 관세청)",
      "2. FDA 검사 (미국 FDA)",
      "3. 라벨 검사 (영어 라벨 적합성)",
      "4. 통관승인 (미국 세관)",
      "5. 국내 유통 허가 (미국 FDA)"
    ],
    "주의사항": [
      "영어 라벨 미표기 시 반송 가능 (라벨 번역 전문업체 이용 권장)",
      "FDA 등록번호 미소지 시 반송 (Food Facility Registration 필수)",
      "알레르기 정보 미표기 시 반송 (9대 알레르기 원료 포함 여부)",
      "원산지 미표기 시 반송 (Country of Origin 표기 필수)",
      "영양성분표 오류 시 반송 (FDA 기준)",
      "성분표 오류 시 반송 (내림차순)",
      "제조사 정보 미표기 시 반송",
      "유통기한 표기 오류 시 반송"
    ],
    "추가정보": {
      "관련법규": "미국 식품안전법, FDA 규정",
      "검사기관": "미국 FDA, 세관",
      "처리기간": "통상 5-10일 (검사 결과에 따라 변동)",
      "수수료": "검사비 약 $500-1,500 (제품별 차이)",
      "최종업데이트": "2025-07-28 03:42:45",
      "원본언어": "en-US",
      "번역출처": "미국 FDA 공식 API",
      "공식URL": "https://www.fda.gov/food",
      "API_URL": "https://api.fda.gov/food",
      "NutritionFactsURL": "https://www.fda.gov/food/food-labeling-nutrition",
      "데이터_상태": "실시간 API 연동 완료",
      "API_연동_시간": "2025-07-28T03:42:45.719840"
    }
  },
  "한국": {
    "국가": "한국",
    "제품": "라면",
    "제한사항": [
      "식품안전기준 준수 (식품위생법)",
      "라벨에 한국어 표기 필수",
      "영양성분표 필수 (식품위생법 시행규칙)",
      "알레르기 정보 표시 필수 (식품알레르기 유발물질 표시기준)",
      "성분표 필수 (내림차순)",
      "제조사 정보 표시 필수",
      "유통기한 표기 필수",
      "보관방법 표시 필수"
    ],
    "허용기준": [
      "식품안전기준 준수",
      "한국어 라벨 필수",
      "영양성분표 표시",
      "알레르기 정보 표시",
      "성분표 표시",
      "제조사 정보 표시",
      "유통기한 표기",
      "보관방법 표시"
    ],
    "필요서류": [
      "식품안전인증서",
      "영양성분분석서",
      "성분분석서",
      "원산지증명서",
      "한국어 라벨",
      "알레르기 정보서",
      "미생물검사서",
      "제조시설 등록증",
      "수출신고서"
    ],
    "통관절차": [
      "1. 수출신고 (한국 관세청)",
      "2. 식품안전검사 (식품의약품안전처)",
      "3. 라벨 검사 (한국어 라벨 적합성)",
      "4. 통관승인 (한국 세관)",
      "5. 국내 유통 허가 (식품의약품안전처)"
    ],
    "주의사항": [
      "한국어 라벨 미표기 시 반송",
      "식품안전기준 미준수 시 반송",
      "알레르기 정보 미표기 시 반송",
      "원산지 미표기 시 반송",
      "영양성분표 오류 시 반송",
      "성분표 오류 시 반송",
      "제조사 정보 미표기 시 반송",
      "유통기한 표기 오류 시 반송"
    ],
    "추가정보": {
      "관련법규": "식품위생법, 식품위생법 시행규칙",
      "검사기관": "식품의약품안전처, 세관",
      "처리기간": "통상 3-7일 (검사 결과에 따라 변동)",
      "수수료": "검사비 약 50,000-200,000원 (제품별 차이)",
      "최종업데이트": "2025-07-28 03:42:47",
      "원본언어": "ko-KR",
      "번역출처": "식품의약품안전처 CES Food DataBase",
      "공식URL": "https://www.mfds.go.kr/",
      "API_URL": "https://www.foodsafetykorea.go.kr/api",
      "데이터_상태": "실시간 API 연동 완료",
      "API_연동_시간": "2025-07-28T03:42:47.198183"
    }
  }
}