{
  "리포트_생성_시간": "2025-07-27T13:24:52.235058",
  "대시보드_데이터": {
    "모니터링_상태": {
      "활성화": true,
      "마지막_체크": "2025-07-27T13:24:52.236074",
      "체크_주기": "3600초",
      "알림_임계값": "7200초"
    },
    "국가별_상태": {
      "중국": {
        "캐시_상태": {
          "파일_존재": true,
          "마지막_업데이트": "2025-07-27 13:24:51",
          "파일_나이_시간": 0.0,
          "유효성": true
        },
        "실시간_데이터": {
          "데이터_존재": true,
          "업데이트_시간": "2025-07-27 13:24:51"
        },
        "상태_등급": "🟢 정상"
      },
      "미국": {
        "캐시_상태": {
          "파일_존재": true,
          "마지막_업데이트": "2025-07-27 13:24:52",
          "파일_나이_시간": 0.0,
          "유효성": true
        },
        "실시간_데이터": {
          "데이터_존재": true,
          "업데이트_시간": "2025-07-27 13:24:52"
        },
        "상태_등급": "🟢 정상"
      },
      "한국": {
        "캐시_상태": {
          "파일_존재": true,
          "마지막_업데이트": "2025-07-27 13:24:52",
          "파일_나이_시간": 0.0,
          "유효성": true
        },
        "실시간_데이터": {
          "데이터_존재": true,
          "업데이트_시간": "2025-07-27 13:24:52"
        },
        "상태_등급": "🟢 정상"
      }
    },
    "알림_요약": {
      "총_알림": 0,
      "최근_알림": [],
      "알림_타입별": {}
    },
    "시스템_상태": {
      "캐시_디렉토리": "regulation_cache",
      "자동_업데이트": "활성화",
      "업데이트_시간": "2025-07-27 13:24:52"
    }
  },
  "알림_히스토리": [],
  "변경_히스토리": []
}